INSERT INTO `petsaverapp`.`user_group` (`group_name`) VALUES ('admin');
INSERT INTO `petsaverapp`.`user_group` (`group_name`) VALUES ('user');
INSERT INTO `petsaverapp`.`user` (`nick_name`, `role`, `user_email`, `user_first_name`, `user_last_name`, `user_password`, `valid`) VALUES ('Orsi', 'admin', 'orsi@gmail.com', 'Orsolya', 'Bakos-Várkonyi', '03ac674216f3e15c761ee1a5e255f067953623c8b388b4459e13f978d7c846f4', 'yes');
INSERT INTO `petsaverapp`.`user` (`nick_name`, `role`, `user_email`, `user_first_name`, `user_last_name`, `user_password`, `valid`) VALUES ('Jani', 'admin', 'jani@gmail.com', 'János', 'Lovász', '03ac674216f3e15c761ee1a5e255f067953623c8b388b4459e13f978d7c846f4', 'yes');
INSERT INTO `petsaverapp`.`user` (`nick_name`, `role`, `user_email`, `user_first_name`, `user_last_name`, `user_password`, `valid`) VALUES ('Zoli', 'admin', 'zoli@gmail.com', 'Zoltán', 'Antal', '03ac674216f3e15c761ee1a5e255f067953623c8b388b4459e13f978d7c846f4', 'yes');
INSERT INTO `petsaverapp`.`user` (`nick_name`, `role`, `user_email`, `user_first_name`, `user_last_name`, `user_password`, `valid`) VALUES ('Admin', 'admin', 'admin@gmail.com', 'Admin', 'Admin', '03ac674216f3e15c761ee1a5e255f067953623c8b388b4459e13f978d7c846f4', 'yes');
INSERT INTO `petsaverapp`.`user` (`nick_name`, `role`, `user_email`, `user_first_name`, `user_last_name`, `user_password`, `valid`) VALUES ('User', 'user', 'user@gmail.com', 'User', 'User', '03ac674216f3e15c761ee1a5e255f067953623c8b388b4459e13f978d7c846f4', 'yes');
INSERT INTO `petsaverapp`.`user` (`nick_name`, `role`, `user_email`, `user_first_name`, `user_last_name`, `user_password`, `valid`) VALUES ('Kristóf', 'admin', 'kristof@gmail.com', 'Kristóf', 'Máté', '03ac674216f3e15c761ee1a5e255f067953623c8b388b4459e13f978d7c846f4', 'yes');
INSERT INTO `petsaverapp`.`user_user_group` (`group_name`, `user_email`) VALUES ('admin', 'orsi@gmail.com');
INSERT INTO `petsaverapp`.`user_user_group` (`group_name`, `user_email`) VALUES ('admin', 'jani@gmail.com');
INSERT INTO `petsaverapp`.`user_user_group` (`group_name`, `user_email`) VALUES ('admin', 'zoli@gmail.com');
INSERT INTO `petsaverapp`.`user_user_group` (`group_name`, `user_email`) VALUES ('admin', 'admin@gmail.com');
INSERT INTO `petsaverapp`.`user_user_group` (`group_name`, `user_email`) VALUES ('user', 'user@gmail.com');
INSERT INTO `petsaverapp`.`p_user` (`user_email`, `nick_name`, `user_first_name`, `user_last_name`, `user_password`) VALUES ('admin@gmail.com', 'Admin', 'Admin', 'Admin', '03ac674216f3e15c761ee1a5e255f067953623c8b388b4459e13f978d7c846f4');
INSERT INTO `petsaverapp`.`p_user` (`user_email`, `nick_name`, `user_first_name`, `user_last_name`, `user_password`) VALUES ('user@gmail.com', 'User', 'User', 'User', '03ac674216f3e15c761ee1a5e255f067953623c8b388b4459e13f978d7c846f4');
INSERT INTO `petsaverapp`.`p_user` (`user_email`, `nick_name`, `user_first_name`, `user_last_name`, `user_password`) VALUES ('orsi@gmail.com', 'Orsi', 'Orsolya', 'Bakos-Várkonyi', '03ac674216f3e15c761ee1a5e255f067953623c8b388b4459e13f978d7c846f4');
INSERT INTO `petsaverapp`.`p_user` (`user_email`, `nick_name`, `user_first_name`, `user_last_name`, `user_password`) VALUES ('jani@gmail.com', 'Jani', 'János', 'Lovász', '03ac674216f3e15c761ee1a5e255f067953623c8b388b4459e13f978d7c846f4');
INSERT INTO `petsaverapp`.`p_user` (`user_email`, `nick_name`, `user_first_name`, `user_last_name`, `user_password`) VALUES ('kristof@gmail.com', 'Kristóf', 'Kristóf', 'Máté', '03ac674216f3e15c761ee1a5e255f067953623c8b388b4459e13f978d7c846f4');
INSERT INTO `petsaverapp`.`p_user` (`user_email`, `nick_name`, `user_first_name`, `user_last_name`, `user_password`) VALUES ('zoli@gmail.com', 'Zoli', 'Zoltán', 'Antal', '03ac674216f3e15c761ee1a5e255f067953623c8b388b4459e13f978d7c846f4');
INSERT INTO `petsaverapp`.`announcer` (`id`, `version`, `email_of_announcer`, `name_of_announcer`, `phone_of_announcer`) VALUES ('1', '0', 'palika@gmail.com', 'Palika', '356');
INSERT INTO `petsaverapp`.`lost_pet` (`id`, `version`, `added`, `image`, `last_known_place`, `lost_Date`, `nick_name`, `pet_properties`, `sex`, `announcer_id`) VALUES ('1', '0', 'false', 'C:/uploaded_files/img/funny_cat.jpg', 'Az udvaron', '2019-11-07', 'Cirmi', 'cirmos, kancsal', 'female', '1');
INSERT INTO `petsaverapp`.`found_pet` (`id`, `version`, `added`, `found_date`, `found_place`, `image`, `pet_properties`, `sex`, `announcer_id`) VALUES ('1', '0', 'false', '2019-11-07',  'Az udvaron', 'C:/uploaded_files/img/funny_dog.jpg', 'barna, rövidszőrű', 'male', '1');
INSERT INTO `petsaverapp`.`foster` (`id`, `version`, `foster_date`, `foster_email`, `foster_first_name`, `foster_last_name`, `foster_note`, `foster_phone`) VALUES ('1', '0', '2019-11-09', 'foster@gmail.com', 'Ödön', 'Szabó', 'Nagyon örülök', '06 20 234 5678');